epoch, eval_loss
1,  0.8935993909835815
2,  0.833615183830261