accuracy,precision,recall,f1
0.362962962962963,0.05185185185185186,0.14285714285714285,0.07608695652173914